date,hour,day_of_week,device,ad_id,total_clicks,avg_cost_per_click,total_cost
2024-01-01,11,0,MOBILE,1001,3,2.9983399596982956,8.995019879094887
2024-01-01,12,0,MOBILE,1004,1,2.108006450439997,2.108006450439997
2024-01-01,13,0,MOBILE,1001,3,4.14604223687715,12.438126710631451
2024-01-01,13,0,MOBILE,1004,5,2.6475425033292765,13.237712516646383
2024-01-01,14,0,MOBILE,1001,1,1.9651435828610935,1.9651435828610935
2024-01-01,15,0,MOBILE,1001,2,1.5530754318465059,3.1061508636930117
2024-01-01,16,0,MOBILE,1001,4,1.1616248844032424,4.64649953761297
2024-01-01,17,0,MOBILE,1001,2,1.692261472770432,3.384522945540864
2024-01-01,18,0,MOBILE,1001,3,1.5350668226634443,4.605200467990333
2024-01-01,19,0,MOBILE,1001,5,2.746974583551124,13.73487291775562
2024-01-01,20,0,MOBILE,1001,6,1.9198308738978305,11.518985243386982
2024-01-01,21,0,MOBILE,1001,1,3.0653087822432203,3.0653087822432203
2024-01-02,11,1,MOBILE,1001,3,2.8733360018086507,8.620008005425952
2024-01-02,11,1,MOBILE,1004,3,1.9425172083494566,5.82755162504837
2024-01-02,12,1,MOBILE,1001,4,1.8952961435077187,7.581184574030875
2024-01-02,12,1,MOBILE,1004,2,1.2620487706617716,2.524097541323543
2024-01-02,13,1,MOBILE,1001,3,2.5823487714489204,7.747046314346761
2024-01-02,13,1,MOBILE,1004,11,2.280179005533233,25.08196906086556
2024-01-02,14,1,MOBILE,1001,5,2.633125639358815,13.165628196794074
2024-01-02,14,1,MOBILE,1004,2,2.567974705177111,5.135949410354222
2024-01-02,15,1,MOBILE,1001,1,3.6642780286649703,3.6642780286649703
2024-01-02,16,1,MOBILE,1001,1,0.7308005691206758,0.7308005691206758
2024-01-02,17,1,MOBILE,1001,8,1.8862627353388444,15.090101882710755
2024-01-02,18,1,MOBILE,1001,3,1.0651555396500307,3.195466618950092
2024-01-02,19,1,MOBILE,1001,2,1.3579332978194203,2.7158665956388406
2024-01-02,20,1,MOBILE,1001,6,2.4517242434446778,14.710345460668066
2024-01-02,21,1,MOBILE,1001,4,2.045047327628561,8.180189310514244
2024-01-03,11,2,MOBILE,1001,3,1.9990348282362727,5.997104484708818
2024-01-03,11,2,MOBILE,1004,2,1.7077995787601,3.4155991575202
2024-01-03,12,2,MOBILE,1001,5,2.550686926748045,12.753434633740227
2024-01-03,12,2,MOBILE,1004,4,3.318286364017707,13.273145456070829
2024-01-03,13,2,MOBILE,1001,2,1.9424682637970991,3.8849365275941983
2024-01-03,13,2,MOBILE,1004,5,1.7429600986434195,8.714800493217098
2024-01-03,14,2,MOBILE,1001,4,1.7899757788085302,7.159903115234121
2024-01-03,14,2,MOBILE,1004,5,2.5644787810703646,12.822393905351824
2024-01-03,15,2,MOBILE,1001,1,3.740482817245465,3.740482817245465
2024-01-03,16,2,MOBILE,1001,2,3.008745403611569,6.017490807223138
2024-01-03,17,2,MOBILE,1001,1,0.806931748979868,0.806931748979868
2024-01-03,17,2,MOBILE,1002,4,3.123497591984981,12.493990367939924
2024-01-03,18,2,MOBILE,1001,5,2.4719627197031033,12.359813598515517
2024-01-03,18,2,MOBILE,1002,1,3.2323204969235886,3.2323204969235886
2024-01-03,19,2,MOBILE,1001,1,3.9314563429288043,3.9314563429288043
2024-01-03,19,2,MOBILE,1002,5,3.8586682398603287,19.293341199301643
2024-01-03,20,2,MOBILE,1002,2,3.5848419287004147,7.1696838574008295
2024-01-03,21,2,MOBILE,1001,1,1.053758539744751,1.053758539744751
2024-01-03,21,2,MOBILE,1002,5,4.090431906139132,20.45215953069566
2024-01-04,11,3,MOBILE,1001,5,2.856245867117432,14.28122933558716
2024-01-04,11,3,MOBILE,1004,7,2.2927919170752773,16.04954341952694
2024-01-04,12,3,MOBILE,1001,4,2.0265740332930435,8.106296133172174
2024-01-04,12,3,MOBILE,1004,5,2.7215336664616734,13.607668332308368
2024-01-04,13,3,MOBILE,1001,3,2.335495075810971,7.006485227432913
2024-01-04,13,3,MOBILE,1004,4,2.588434938287566,10.353739753150265
2024-01-04,14,3,MOBILE,1001,7,2.3509491226100363,16.456643858270255
2024-01-04,14,3,MOBILE,1004,3,1.2990783696039914,3.897235108811974
2024-01-04,16,3,MOBILE,1001,5,2.3949989209324025,11.974994604662012
2024-01-04,17,3,MOBILE,1001,4,2.844732784024113,11.378931136096451
2024-01-04,17,3,MOBILE,1002,1,3.1333930431328985,3.1333930431328985
2024-01-04,18,3,MOBILE,1001,3,2.28443301297021,6.853299038910631
2024-01-04,18,3,MOBILE,1002,6,2.8305543513712936,16.98332610822776
2024-01-04,19,3,MOBILE,1001,6,1.7025444771839418,10.21526686310365
2024-01-04,19,3,MOBILE,1002,5,4.0552528463494175,20.27626423174709
2024-01-04,20,3,MOBILE,1001,3,1.8972036036378723,5.691610810913617
2024-01-04,20,3,MOBILE,1002,2,3.0682609305193482,6.1365218610386965
2024-01-04,21,3,MOBILE,1001,3,2.2007807112964892,6.602342133889468
2024-01-04,21,3,MOBILE,1002,1,3.832861437880723,3.832861437880723
2024-01-05,11,4,MOBILE,1003,2,2.536160790450733,5.072321580901466
2024-01-05,11,4,MOBILE,1004,5,2.568537100682344,12.842685503411719
2024-01-05,12,4,MOBILE,1003,1,1.5933138047221105,1.5933138047221105
2024-01-05,12,4,MOBILE,1004,5,2.354877900457574,11.77438950228787
2024-01-05,13,4,MOBILE,1003,2,2.64248290415733,5.28496580831466
2024-01-05,13,4,MOBILE,1004,18,2.803101075189845,50.455819353417205
2024-01-05,14,4,MOBILE,1003,4,2.4270632151303095,9.708252860521238
2024-01-05,14,4,MOBILE,1004,4,3.1116285372112555,12.446514148845022
2024-01-05,15,4,MOBILE,1003,2,2.660232986042543,5.320465972085086
2024-01-05,16,4,MOBILE,1003,3,2.6752530191227404,8.025759057368221
2024-01-05,17,4,MOBILE,1002,1,2.6311130453250113,2.6311130453250113
2024-01-05,17,4,MOBILE,1003,1,1.4412387255648578,1.4412387255648578
2024-01-05,18,4,MOBILE,1003,2,1.3877055382510537,2.7754110765021074
2024-01-05,19,4,MOBILE,1002,6,3.788971153289277,22.733826919735662
2024-01-05,19,4,MOBILE,1003,7,2.132513001127045,14.927591007889315
2024-01-05,20,4,MOBILE,1002,1,3.70140471409948,3.70140471409948
2024-01-05,21,4,MOBILE,1002,2,3.8415397751436218,7.6830795502872435
2024-01-05,21,4,MOBILE,1003,4,3.018064423566123,12.072257694264492
2024-01-05,22,4,MOBILE,1002,3,2.054544133983677,6.1636324019510305
2024-01-05,22,4,MOBILE,1003,8,2.539348111729734,20.31478489383787
2024-01-05,23,4,MOBILE,1002,4,2.934295778814584,11.737183115258336
2024-01-05,23,4,MOBILE,1003,1,1.9723890941566964,1.9723890941566964
2024-01-06,11,5,MOBILE,1003,3,2.5229482807978965,7.568844842393689
2024-01-06,11,5,MOBILE,1004,3,2.021271048665014,6.0638131459950415
2024-01-06,12,5,MOBILE,1003,1,1.3518006416417943,1.3518006416417943
2024-01-06,12,5,MOBILE,1004,8,2.2815879832186177,18.25270386574894
2024-01-06,13,5,MOBILE,1003,1,2.1152426371574737,2.1152426371574737
2024-01-06,13,5,MOBILE,1004,4,3.229190628659178,12.916762514636712
2024-01-06,14,5,MOBILE,1003,2,2.4090546295806274,4.818109259161255
2024-01-06,14,5,MOBILE,1004,7,1.7252369431714367,12.076658602200057
2024-01-06,15,5,MOBILE,1003,2,3.0857113928202082,6.1714227856404165
2024-01-06,16,5,MOBILE,1003,2,2.9911565581549295,5.982313116309859
2024-01-06,17,5,MOBILE,1002,2,3.5622510632074555,7.124502126414911
2024-01-06,17,5,MOBILE,1003,3,1.9533235480421338,5.859970644126402
2024-01-06,18,5,MOBILE,1002,4,3.4728936668831416,13.891574667532566
2024-01-06,18,5,MOBILE,1003,1,2.182044067012106,2.182044067012106
2024-01-06,19,5,MOBILE,1002,5,3.834188159143366,19.17094079571683
2024-01-06,19,5,MOBILE,1003,6,1.9126304450819285,11.47578267049157
2024-01-06,20,5,MOBILE,1002,2,3.9544268705945766,7.908853741189153
2024-01-06,20,5,MOBILE,1003,8,2.263495873248317,18.107966985986536
2024-01-06,21,5,MOBILE,1002,2,4.3772420470476305,8.754484094095261
2024-01-06,22,5,MOBILE,1002,4,3.4179921262104784,13.671968504841914
2024-01-06,22,5,MOBILE,1003,3,1.9231574749667495,5.769472424900249
2024-01-06,23,5,MOBILE,1002,2,3.028642773369956,6.057285546739912
2024-01-06,23,5,MOBILE,1003,1,3.231484506680809,3.231484506680809
2024-01-07,11,6,MOBILE,1003,2,3.378721729684184,6.757443459368368
2024-01-07,11,6,MOBILE,1004,5,1.8596751891635948,9.298375945817973
2024-01-07,12,6,MOBILE,1003,4,2.2700084327997603,9.080033731199041
2024-01-07,12,6,MOBILE,1004,3,2.1924981470950473,6.5774944412851415
2024-01-07,13,6,MOBILE,1003,2,2.5374614286644244,5.074922857328849
2024-01-07,14,6,MOBILE,1003,3,2.006261172996203,6.018783518988609
2024-01-07,14,6,MOBILE,1004,1,2.733690637851342,2.733690637851342
2024-01-07,15,6,MOBILE,1003,1,3.8172117521296185,3.8172117521296185
2024-01-07,16,6,MOBILE,1003,3,2.023656973361865,6.070970920085594
2024-01-07,17,6,MOBILE,1003,1,2.051254177531477,2.051254177531477
2024-01-07,18,6,MOBILE,1003,5,2.2120508716129974,11.060254358064988
2024-01-07,19,6,MOBILE,1003,5,2.10221532009448,10.5110766004724
2024-01-07,20,6,MOBILE,1003,1,3.7659984817954335,3.7659984817954335
2024-01-07,21,6,MOBILE,1003,1,1.1647684620259993,1.1647684620259993
2024-01-08,11,0,MOBILE,1004,2,1.6461662135347626,3.292332427069525
2024-01-08,12,0,MOBILE,1004,5,2.763963660883843,13.819818304419215
2024-01-08,13,0,MOBILE,1003,3,2.3481902986622,7.044570895986601
2024-01-08,13,0,MOBILE,1004,1,1.5731978642034588,1.5731978642034588
2024-01-08,14,0,MOBILE,1003,4,1.7285421204136606,6.9141684816546425
2024-01-08,14,0,MOBILE,1004,2,1.9113877694803934,3.8227755389607867
2024-01-08,15,0,MOBILE,1003,1,1.6451322822967471,1.6451322822967471
2024-01-08,16,0,MOBILE,1003,3,2.3128900547404005,6.938670164221202
2024-01-08,18,0,MOBILE,1003,4,3.3324858948223866,13.329943579289546
2024-01-08,19,0,MOBILE,1003,2,3.546089135106927,7.092178270213854
2024-01-08,21,0,MOBILE,1003,3,1.3795679882364213,4.138703964709264
2024-01-09,11,1,MOBILE,1003,1,0.9874102202476409,0.9874102202476409
2024-01-09,11,1,MOBILE,1004,3,1.9054327334866719,5.716298200460016
2024-01-09,12,1,MOBILE,1003,4,2.5919762785086373,10.36790511403455
2024-01-09,12,1,MOBILE,1004,3,3.512712556079034,10.538137668237102
2024-01-09,13,1,MOBILE,1003,2,3.1626636092206857,6.325327218441371
2024-01-09,13,1,MOBILE,1004,8,2.671680910069312,21.373447280554497
2024-01-09,14,1,MOBILE,1003,2,2.0231136359044535,4.046227271808907
2024-01-09,14,1,MOBILE,1004,5,1.7129450650998148,8.564725325499074
2024-01-09,16,1,MOBILE,1003,1,3.5018258501913992,3.5018258501913992
2024-01-09,17,1,MOBILE,1003,2,2.2631896476180344,4.526379295236069
2024-01-09,18,1,MOBILE,1003,5,2.2724391616037254,11.362195808018626
2024-01-09,19,1,MOBILE,1003,4,2.3914307266018655,9.565722906407462
2024-01-09,20,1,MOBILE,1003,5,2.328758235080662,11.643791175403312
2024-01-09,21,1,MOBILE,1003,1,4.592997397283812,4.592997397283812
2024-01-10,11,2,MOBILE,1003,5,2.1595342553119323,10.797671276559662
2024-01-10,11,2,MOBILE,1004,2,3.2409326575264172,6.4818653150528345
2024-01-10,12,2,MOBILE,1003,1,3.6799107202252315,3.6799107202252315
2024-01-10,12,2,MOBILE,1004,9,2.1281245445384203,19.15312090084578
2024-01-10,13,2,MOBILE,1003,2,2.964626900942853,5.929253801885706
2024-01-10,13,2,MOBILE,1004,7,1.7605108059824828,12.32357564187738
2024-01-10,14,2,MOBILE,1003,2,2.5273752911930383,5.0547505823860766
2024-01-10,15,2,MOBILE,1003,1,3.7615429742045103,3.7615429742045103
2024-01-10,16,2,MOBILE,1003,2,2.6959979146421365,5.391995829284273
2024-01-10,17,2,MOBILE,1002,2,3.7855101012797556,7.571020202559511
2024-01-10,17,2,MOBILE,1003,3,2.376460232625719,7.129380697877156
2024-01-10,18,2,MOBILE,1002,2,4.562429155035177,9.124858310070355
2024-01-10,18,2,MOBILE,1003,1,1.776023751869347,1.776023751869347
2024-01-10,19,2,MOBILE,1002,1,3.194868151525601,3.194868151525601
2024-01-10,19,2,MOBILE,1003,1,2.5732514770264796,2.5732514770264796
2024-01-10,20,2,MOBILE,1002,3,3.2643525330545464,9.793057599163639
2024-01-10,20,2,MOBILE,1003,1,2.726392205767306,2.726392205767306
2024-01-10,21,2,MOBILE,1002,1,2.3585366590449564,2.3585366590449564
2024-01-10,21,2,MOBILE,1003,3,2.1850938886915334,6.555281666074601
2024-01-11,11,3,MOBILE,1003,6,2.4256396606814543,14.553837964088725
2024-01-11,11,3,MOBILE,1004,3,1.9566703025109824,5.870010907532947
2024-01-11,12,3,MOBILE,1003,7,2.1309682371909036,14.916777660336326
2024-01-11,12,3,MOBILE,1004,6,1.8665630107887965,11.199378064732779
2024-01-11,13,3,MOBILE,1003,1,2.4160599607212343,2.4160599607212343
2024-01-11,13,3,MOBILE,1004,8,2.2145051673096954,17.716041338477563
2024-01-11,14,3,MOBILE,1003,1,0.9929674275866174,0.9929674275866174
2024-01-11,14,3,MOBILE,1004,4,2.655650301471688,10.622601205886752
2024-01-11,17,3,MOBILE,1002,2,4.080968300462894,8.161936600925788
2024-01-11,18,3,MOBILE,1003,8,2.485775500211666,19.88620400169333
2024-01-11,19,3,MOBILE,1002,5,4.204299388069418,21.02149694034709
2024-01-11,19,3,MOBILE,1003,7,2.3781065996361193,16.646746197452835
2024-01-11,20,3,MOBILE,1002,5,3.01329877540262,15.066493877013102
2024-01-11,20,3,MOBILE,1003,1,2.7054622424584096,2.7054622424584096
2024-01-11,21,3,MOBILE,1002,4,2.915767792690873,11.663071170763493
2024-01-11,21,3,MOBILE,1003,1,3.744418772584367,3.744418772584367
2024-01-12,11,4,MOBILE,1003,6,2.6551011022529276,15.930606613517565
2024-01-12,11,4,MOBILE,1004,10,2.017084561810444,20.17084561810444
2024-01-12,12,4,MOBILE,1003,1,2.256824914590743,2.256824914590743
2024-01-12,12,4,MOBILE,1004,5,3.3662146574661818,16.83107328733091
2024-01-12,13,4,MOBILE,1003,3,2.9862505254283604,8.958751576285081
2024-01-12,13,4,MOBILE,1004,7,2.327496265773265,16.292473860412855
2024-01-12,14,4,MOBILE,1004,6,0.9977916713462522,5.986750028077513
2024-01-12,15,4,MOBILE,1003,1,2.151240301044056,2.151240301044056
2024-01-12,16,4,MOBILE,1003,1,3.851399397690899,3.851399397690899
2024-01-12,17,4,MOBILE,1002,3,3.2006168747576367,9.60185062427291
2024-01-12,17,4,MOBILE,1003,9,2.6319130356525133,23.68721732087262
2024-01-12,18,4,MOBILE,1002,2,3.5562473831226535,7.112494766245307
2024-01-12,18,4,MOBILE,1003,2,3.3909149869484985,6.781829973896997
2024-01-12,19,4,MOBILE,1002,3,4.2504496646373155,12.751348993911947
2024-01-12,19,4,MOBILE,1003,2,2.6623724510856928,5.3247449021713855
2024-01-12,20,4,MOBILE,1002,3,3.81930350552526,11.45791051657578
2024-01-12,20,4,MOBILE,1003,6,2.8710390420591856,17.226234252355113
2024-01-12,21,4,MOBILE,1002,1,2.8205518370812497,2.8205518370812497
2024-01-12,21,4,MOBILE,1003,5,1.811072291655154,9.05536145827577
2024-01-12,22,4,MOBILE,1002,7,3.799545506663055,26.596818546641384
2024-01-12,22,4,MOBILE,1003,5,1.636277269631946,8.18138634815973
2024-01-12,23,4,MOBILE,1002,4,3.915751654704237,15.663006618816947
2024-01-12,23,4,MOBILE,1003,2,3.2711000390211495,6.542200078042299
2024-01-13,11,5,MOBILE,1003,6,2.5294824466708516,15.17689468002511
2024-01-13,11,5,MOBILE,1004,3,2.209815243411402,6.629445730234206
2024-01-13,12,5,MOBILE,1003,6,2.6982746047618407,16.189647628571045
2024-01-13,12,5,MOBILE,1004,3,2.322501318041827,6.9675039541254815
2024-01-13,13,5,MOBILE,1003,3,2.970484527709651,8.911453583128953
2024-01-13,13,5,MOBILE,1004,6,2.7290542617854516,16.37432557071271
2024-01-13,14,5,MOBILE,1003,1,2.9399125927128837,2.9399125927128837
2024-01-13,14,5,MOBILE,1004,2,2.972377603537838,5.944755207075676
2024-01-13,15,5,MOBILE,1003,1,1.770928478832535,1.770928478832535
2024-01-13,16,5,MOBILE,1003,2,2.8107645323376182,5.6215290646752365
2024-01-13,17,5,MOBILE,1002,1,4.571524923951347,4.571524923951347
2024-01-13,17,5,MOBILE,1003,5,1.934732615532052,9.67366307766026
2024-01-13,18,5,MOBILE,1002,2,3.806870162624792,7.613740325249584
2024-01-13,18,5,MOBILE,1003,6,1.8041462874675236,10.824877724805141
2024-01-13,19,5,MOBILE,1002,3,3.2043685290044475,9.613105587013342
2024-01-13,19,5,MOBILE,1003,1,2.7923806992484,2.7923806992484
2024-01-13,20,5,MOBILE,1002,2,4.2962440544310665,8.592488108862133
2024-01-13,20,5,MOBILE,1003,4,1.6317071384862554,6.5268285539450215
2024-01-13,21,5,MOBILE,1002,2,3.1899659309031163,6.379931861806233
2024-01-13,21,5,MOBILE,1003,1,3.1503980743064,3.1503980743064
2024-01-13,22,5,MOBILE,1002,1,4.532179241727059,4.532179241727059
2024-01-13,22,5,MOBILE,1003,3,1.9103318860362493,5.730995658108748
2024-01-13,23,5,MOBILE,1002,3,4.060471002070259,12.181413006210779
2024-01-13,23,5,MOBILE,1003,2,1.1347396838633788,2.2694793677267575
2024-01-14,11,6,MOBILE,1003,2,3.029282225008198,6.058564450016396
2024-01-14,11,6,MOBILE,1004,3,2.8890596060937046,8.667178818281114
2024-01-14,12,6,MOBILE,1004,5,2.7028355766875767,13.514177883437883
2024-01-14,13,6,MOBILE,1003,4,1.4257660612190275,5.70306424487611
2024-01-14,13,6,MOBILE,1004,4,2.6845361882087033,10.738144752834813
2024-01-14,14,6,MOBILE,1003,3,2.5258145736574575,7.577443720972372
2024-01-14,14,6,MOBILE,1004,4,2.648699664721967,10.594798658887868
2024-01-14,16,6,MOBILE,1003,2,2.6487185966040485,5.297437193208097
2024-01-14,17,6,MOBILE,1003,4,2.8223307184350457,11.289322873740183
2024-01-14,18,6,MOBILE,1003,4,2.4412168009264725,9.76486720370589
2024-01-14,21,6,MOBILE,1003,1,1.9113603324820112,1.9113603324820112
2024-01-15,11,0,MOBILE,1003,1,3.9216878191234965,3.9216878191234965
2024-01-15,11,0,MOBILE,1004,4,2.0149540398592967,8.059816159437187
2024-01-15,12,0,MOBILE,1003,1,5.02160210167432,5.02160210167432
2024-01-15,12,0,MOBILE,1004,3,2.4977167284316835,7.49315018529505
2024-01-15,13,0,MOBILE,1004,3,3.0423864332536232,9.12715929976087
2024-01-15,14,0,MOBILE,1004,5,2.5111132237173743,12.55556611858687
2024-01-15,18,0,MOBILE,1003,6,2.3901166539676684,14.34069992380601
2024-01-15,20,0,MOBILE,1003,8,2.073897122953372,16.591176983626976
2024-01-15,21,0,MOBILE,1003,1,2.026692224668755,2.026692224668755
2024-01-16,11,1,MOBILE,1003,1,2.146849120632759,2.146849120632759
2024-01-16,11,1,MOBILE,1004,1,1.9368884664416532,1.9368884664416532
2024-01-16,12,1,MOBILE,1003,5,2.4901874498278636,12.450937249139319
2024-01-16,12,1,MOBILE,1004,1,1.9514568261504766,1.9514568261504766
2024-01-16,13,1,MOBILE,1003,2,2.5604109186388895,5.120821837277779
2024-01-16,13,1,MOBILE,1004,4,3.194981852264406,12.779927409057624
2024-01-16,14,1,MOBILE,1003,4,2.4015399953673207,9.606159981469283
2024-01-16,17,1,MOBILE,1003,2,1.7728207889705299,3.5456415779410597
2024-01-16,19,1,MOBILE,1003,3,1.7047349486224856,5.114204845867457
2024-01-16,20,1,MOBILE,1003,6,2.0175758282731553,12.10545496963893
2024-01-16,21,1,MOBILE,1003,2,1.89582703929976,3.79165407859952
2024-01-17,11,2,MOBILE,1003,7,2.8186100457066465,19.730270319946527
2024-01-17,11,2,MOBILE,1004,7,2.584732411746009,18.093126882222062
2024-01-17,12,2,MOBILE,1003,4,2.126822809192893,8.507291236771572
2024-01-17,12,2,MOBILE,1004,2,1.9213736729490214,3.842747345898043
2024-01-17,13,2,MOBILE,1003,1,2.377816960797061,2.377816960797061
2024-01-17,13,2,MOBILE,1004,11,2.7190709244399724,29.909780168839696
2024-01-17,14,2,MOBILE,1003,2,1.5873827212792224,3.174765442558445
2024-01-17,14,2,MOBILE,1004,6,2.5834482032542687,15.500689219525611
2024-01-17,15,2,MOBILE,1003,5,1.935157736833705,9.675788684168525
2024-01-17,16,2,MOBILE,1003,2,3.275173681381215,6.55034736276243
2024-01-17,17,2,MOBILE,1002,2,4.468380610622052,8.936761221244105
2024-01-17,17,2,MOBILE,1003,2,3.7396898878576943,7.479379775715389
2024-01-17,18,2,MOBILE,1002,6,3.652665223383375,21.915991340300252
2024-01-17,18,2,MOBILE,1003,4,2.1531963914260173,8.612785565704069
2024-01-17,19,2,MOBILE,1002,6,3.9810462004468072,23.886277202680844
2024-01-17,19,2,MOBILE,1003,2,2.9944098134571324,5.988819626914265
2024-01-17,20,2,MOBILE,1002,2,3.145520982996402,6.291041965992804
2024-01-17,20,2,MOBILE,1003,2,2.7954505870072164,5.590901174014433
2024-01-17,21,2,MOBILE,1002,6,2.895319891785828,17.37191935071497
2024-01-17,21,2,MOBILE,1003,6,2.181747166189075,13.090482997134451
2024-01-18,11,3,MOBILE,1003,4,2.52094826310592,10.08379305242368
2024-01-18,11,3,MOBILE,1004,5,2.122749895399595,10.613749476997976
2024-01-18,12,3,MOBILE,1003,1,2.7958667328095634,2.7958667328095634
2024-01-18,12,3,MOBILE,1004,7,2.5487983822537155,17.84158867577601
2024-01-18,13,3,MOBILE,1003,1,3.1670098370319772,3.1670098370319772
2024-01-18,13,3,MOBILE,1004,5,2.4242557479975995,12.121278739987996
2024-01-18,14,3,MOBILE,1003,2,2.2467842368703685,4.493568473740737
2024-01-18,14,3,MOBILE,1004,3,1.6650948361544338,4.9952845084633015
2024-01-18,15,3,MOBILE,1003,3,3.2491420406736036,9.74742612202081
2024-01-18,17,3,MOBILE,1002,1,3.4455338792354007,3.4455338792354007
2024-01-18,17,3,MOBILE,1003,4,2.2353646461327408,8.941458584530963
2024-01-18,18,3,MOBILE,1002,1,3.384289755744765,3.384289755744765
2024-01-18,18,3,MOBILE,1003,9,2.2693823389501984,20.424441050551785
2024-01-18,19,3,MOBILE,1002,1,1.1383709827952733,1.1383709827952733
2024-01-18,19,3,MOBILE,1003,2,1.7797825811437007,3.5595651622874014
2024-01-18,20,3,MOBILE,1002,4,3.918410000719509,15.673640002878036
2024-01-18,20,3,MOBILE,1003,3,1.822493536169014,5.467480608507042
2024-01-18,21,3,MOBILE,1002,2,2.0936462358795778,4.1872924717591555
2024-01-18,21,3,MOBILE,1003,6,2.4370581011962007,14.622348607177205
2024-01-19,11,4,MOBILE,1003,2,1.7497879651984554,3.4995759303969107
2024-01-19,11,4,MOBILE,1004,2,2.4596264242451906,4.919252848490381
2024-01-19,12,4,MOBILE,1003,3,3.411241687044397,10.23372506113319
2024-01-19,12,4,MOBILE,1004,12,1.6209228820604824,19.451074584725788
2024-01-19,13,4,MOBILE,1003,4,2.88198969740347,11.52795878961388
2024-01-19,13,4,MOBILE,1004,2,2.722293364363426,5.444586728726852
2024-01-19,14,4,MOBILE,1003,3,2.889606075565286,8.668818226695858
2024-01-19,14,4,MOBILE,1004,7,2.80397137147422,19.62779960031954
2024-01-19,16,4,MOBILE,1003,2,3.3564759987673627,6.712951997534725
2024-01-19,17,4,MOBILE,1002,5,3.9859857513671306,19.929928756835654
2024-01-19,17,4,MOBILE,1003,3,2.9790444458231313,8.937133337469394
2024-01-19,18,4,MOBILE,1002,3,2.788362224801111,8.365086674403333
2024-01-19,18,4,MOBILE,1003,4,2.368302848068999,9.473211392275996
2024-01-19,19,4,MOBILE,1002,1,1.746906757057406,1.746906757057406
2024-01-19,19,4,MOBILE,1003,7,2.6246631013472856,18.372641709431
2024-01-19,20,4,MOBILE,1002,5,3.9082595159712263,19.54129757985613
2024-01-19,20,4,MOBILE,1003,4,1.9748407085831587,7.899362834332635
2024-01-19,21,4,MOBILE,1002,5,3.408559537212722,17.04279768606361
2024-01-19,21,4,MOBILE,1003,2,2.1260099614791557,4.252019922958311
2024-01-19,22,4,MOBILE,1002,3,3.1843608568095103,9.553082570428531
2024-01-19,22,4,MOBILE,1003,8,2.176666484078802,17.413331872630415
2024-01-19,23,4,MOBILE,1002,7,3.2075278707322608,22.452695095125826
2024-01-19,23,4,MOBILE,1003,2,1.0082001037108763,2.0164002074217526
2024-01-20,11,5,MOBILE,1003,6,2.189233155762945,13.135398934577669
2024-01-20,11,5,MOBILE,1004,7,1.4023067030293812,9.816146921205668
2024-01-20,12,5,MOBILE,1003,3,2.316342349176296,6.9490270475288884
2024-01-20,12,5,MOBILE,1004,11,2.5544264881551677,28.098691369706845
2024-01-20,13,5,MOBILE,1003,3,1.8277390286575834,5.4832170859727505
2024-01-20,13,5,MOBILE,1004,8,2.2544090800297383,18.035272640237906
2024-01-20,14,5,MOBILE,1004,6,1.9492348631011502,11.695409178606901
2024-01-20,15,5,MOBILE,1003,3,2.420137621245514,7.260412863736542
2024-01-20,16,5,MOBILE,1003,5,1.9988225991950692,9.994112995975346
2024-01-20,17,5,MOBILE,1002,3,3.252877994322136,9.758633982966408
2024-01-20,17,5,MOBILE,1003,3,2.6637957793951013,7.991387338185303
2024-01-20,18,5,MOBILE,1002,6,3.222869380638912,19.337216283833474
2024-01-20,18,5,MOBILE,1003,2,2.1801267607147796,4.360253521429559
2024-01-20,19,5,MOBILE,1002,2,3.411756593316823,6.823513186633646
2024-01-20,19,5,MOBILE,1003,3,3.1525117774406914,9.457535332322074
2024-01-20,20,5,MOBILE,1002,7,3.082434129793902,21.577038908557313
2024-01-20,21,5,MOBILE,1002,3,3.0729228552721497,9.218768565816449
2024-01-20,21,5,MOBILE,1003,4,2.5125889148182234,10.050355659272894
2024-01-20,22,5,MOBILE,1002,3,3.7111952873454483,11.133585862036345
2024-01-20,22,5,MOBILE,1003,3,3.3568638357727187,10.070591507318156
2024-01-20,23,5,MOBILE,1002,1,1.7908315492819957,1.7908315492819957
2024-01-20,23,5,MOBILE,1003,2,2.138260771902231,4.276521543804462
2024-01-21,11,6,MOBILE,1003,1,0.5,0.5
2024-01-21,11,6,MOBILE,1004,6,2.1710144914218423,13.026086948531054
2024-01-21,12,6,MOBILE,1003,1,0.5,0.5
2024-01-21,12,6,MOBILE,1004,9,2.516871490441378,22.6518434139724
2024-01-21,13,6,MOBILE,1003,2,3.3489609496882777,6.6979218993765555
2024-01-21,13,6,MOBILE,1004,3,1.8170839236838427,5.4512517710515285
2024-01-21,14,6,MOBILE,1003,2,2.20586139958635,4.4117227991727
2024-01-21,16,6,MOBILE,1003,3,2.7079161217578847,8.123748365273654
2024-01-21,19,6,MOBILE,1003,1,3.002158701554098,3.002158701554098
2024-01-21,20,6,MOBILE,1003,2,3.3010213228470766,6.602042645694153
2024-01-21,21,6,MOBILE,1003,4,2.585192880166712,10.340771520666848
2024-01-22,11,0,MOBILE,1003,6,2.023373142691238,12.140238856147427
2024-01-22,11,0,MOBILE,1004,6,2.3514502684273086,14.108701610563852
2024-01-22,12,0,MOBILE,1003,3,2.0719703422532665,6.2159110267598
2024-01-22,12,0,MOBILE,1004,2,1.8927804757811848,3.7855609515623696
2024-01-22,13,0,MOBILE,1003,2,1.883149490788432,3.766298981576864
2024-01-22,14,0,MOBILE,1003,2,2.7480117458505795,5.496023491701159
2024-01-22,14,0,MOBILE,1004,6,2.3386028094976905,14.031616856986144
2024-01-22,15,0,MOBILE,1003,1,2.0133028757352114,2.0133028757352114
2024-01-22,17,0,MOBILE,1003,2,1.1228298043402503,2.2456596086805005
2024-01-22,18,0,MOBILE,1003,4,2.9148975745096384,11.659590298038554
2024-01-22,19,0,MOBILE,1003,1,3.129815619013289,3.129815619013289
2024-01-22,20,0,MOBILE,1003,4,2.2006179605011256,8.802471842004502
2024-01-22,21,0,MOBILE,1003,2,3.0483147125476346,6.096629425095269
2024-01-23,11,1,MOBILE,1004,3,2.673712024941528,8.021136074824584
2024-01-23,12,1,MOBILE,1004,7,2.0364241473252322,14.254969031276627
2024-01-23,13,1,MOBILE,1003,1,1.6795064433113234,1.6795064433113234
2024-01-23,13,1,MOBILE,1004,2,3.07756365370297,6.15512730740594
2024-01-23,14,1,MOBILE,1003,2,2.7369194587747803,5.4738389175495605
2024-01-23,14,1,MOBILE,1004,4,2.9691339807941155,11.876535923176462
2024-01-23,17,1,MOBILE,1003,1,2.024708191481275,2.024708191481275
2024-01-23,18,1,MOBILE,1003,2,3.160834524838041,6.321669049676082
2024-01-23,19,1,MOBILE,1003,3,3.656488377207793,10.969465131623378
2024-01-23,20,1,MOBILE,1003,2,1.4940200333544231,2.9880400667088463
2024-01-23,21,1,MOBILE,1003,2,2.4034891260504327,4.8069782521008655
2024-01-24,11,2,MOBILE,1003,4,2.015947677985076,8.063790711940303
2024-01-24,11,2,MOBILE,1004,3,1.9064082094628712,5.719224628388614
2024-01-24,12,2,MOBILE,1003,3,2.4976851227182855,7.493055368154856
2024-01-24,12,2,MOBILE,1004,2,2.669605248883597,5.339210497767194
2024-01-24,13,2,MOBILE,1003,1,2.0855337071967357,2.0855337071967357
2024-01-24,14,2,MOBILE,1003,5,2.841119098859193,14.205595494295963
2024-01-24,14,2,MOBILE,1004,1,2.129264803586627,2.129264803586627
2024-01-24,15,2,MOBILE,1003,1,2.481956979717454,2.481956979717454
2024-01-24,17,2,MOBILE,1002,2,4.011407580174829,8.022815160349658
2024-01-24,17,2,MOBILE,1003,2,3.0785798234408173,6.1571596468816345
2024-01-24,18,2,MOBILE,1002,5,3.584685819232702,17.92342909616351
2024-01-24,18,2,MOBILE,1003,1,4.081443499560613,4.081443499560613
2024-01-24,19,2,MOBILE,1002,4,3.2949803231345363,13.179921292538145
2024-01-24,19,2,MOBILE,1003,1,2.0412091053338703,2.0412091053338703
2024-01-24,20,2,MOBILE,1002,2,3.797572559222825,7.59514511844565
2024-01-24,20,2,MOBILE,1003,1,1.7353944011160305,1.7353944011160305
2024-01-24,21,2,MOBILE,1002,4,2.3818707384784603,9.527482953913841
2024-01-24,21,2,MOBILE,1003,2,2.1777399462875953,4.3554798925751905
2024-01-25,11,3,MOBILE,1003,1,2.1001805966002727,2.1001805966002727
2024-01-25,11,3,MOBILE,1004,1,3.052534127501844,3.052534127501844
2024-01-25,12,3,MOBILE,1003,5,2.338098965404921,11.690494827024605
2024-01-25,12,3,MOBILE,1004,4,2.7954757944774205,11.181903177909682
2024-01-25,13,3,MOBILE,1003,2,1.3987249694548902,2.7974499389097804
2024-01-25,13,3,MOBILE,1004,3,2.980865202186686,8.942595606560058
2024-01-25,14,3,MOBILE,1003,2,2.679563779060939,5.359127558121878
2024-01-25,14,3,MOBILE,1004,2,1.6927724088439984,3.3855448176879968
2024-01-25,16,3,MOBILE,1003,2,2.116275532243945,4.23255106448789
2024-01-25,17,3,MOBILE,1002,6,3.3201431563927826,19.920858938356695
2024-01-25,17,3,MOBILE,1003,7,2.094591116390105,14.662137814730734
2024-01-25,18,3,MOBILE,1002,4,3.5767019435140712,14.306807774056285
2024-01-25,18,3,MOBILE,1003,1,3.5557515943588065,3.5557515943588065
2024-01-25,19,3,MOBILE,1002,1,2.055319766938795,2.055319766938795
2024-01-25,19,3,MOBILE,1003,7,2.290035433889867,16.03024803722907
2024-01-25,20,3,MOBILE,1002,8,3.3118162423322515,26.49452993865801
2024-01-25,20,3,MOBILE,1003,5,2.966782242293563,14.833911211467814
2024-01-25,21,3,MOBILE,1002,2,4.055311383148409,8.110622766296817
2024-01-25,21,3,MOBILE,1003,3,2.1246648599589677,6.3739945798769035
2024-01-26,11,4,MOBILE,1003,4,1.7882634634021355,7.153053853608542
2024-01-26,11,4,MOBILE,1004,2,2.7343129406392626,5.468625881278525
2024-01-26,12,4,MOBILE,1003,8,2.030017721161605,16.24014176929284
2024-01-26,12,4,MOBILE,1004,7,2.0698050253991984,14.48863517779439
2024-01-26,13,4,MOBILE,1003,3,1.9472908595834475,5.841872578750342
2024-01-26,13,4,MOBILE,1004,3,2.479594714249312,7.438784142747936
2024-01-26,14,4,MOBILE,1003,3,2.3119585401800298,6.93587562054009
2024-01-26,14,4,MOBILE,1004,8,2.162244142982143,17.297953143857143
2024-01-26,15,4,MOBILE,1003,1,2.7117228179387283,2.7117228179387283
2024-01-26,16,4,MOBILE,1003,2,3.679830046561095,7.35966009312219
2024-01-26,17,4,MOBILE,1002,4,3.6040686068989025,14.41627442759561
2024-01-26,17,4,MOBILE,1003,2,2.610480649802091,5.220961299604182
2024-01-26,18,4,MOBILE,1002,5,3.4279269265035226,17.139634632517613
2024-01-26,18,4,MOBILE,1003,3,2.7349551930552956,8.204865579165887
2024-01-26,19,4,MOBILE,1002,3,4.433796050643436,13.301388151930308
2024-01-26,19,4,MOBILE,1003,7,2.617154726330542,18.320083084313794
2024-01-26,20,4,MOBILE,1002,1,3.266171760149623,3.266171760149623
2024-01-26,20,4,MOBILE,1003,1,2.4675209705456407,2.4675209705456407
2024-01-26,21,4,MOBILE,1002,6,3.8116375226602384,22.86982513596143
2024-01-26,21,4,MOBILE,1003,3,2.2350797328992957,6.705239198697887
2024-01-26,22,4,MOBILE,1002,9,3.0640342501462,27.5763082513158
2024-01-26,22,4,MOBILE,1003,4,2.190162583310194,8.760650333240775
2024-01-26,23,4,MOBILE,1002,3,3.282834577540713,9.848503732622138
2024-01-26,23,4,MOBILE,1003,8,2.440212871016357,19.521702968130857
2024-01-27,11,5,MOBILE,1003,2,2.294963344232432,4.589926688464864
2024-01-27,11,5,MOBILE,1004,5,1.868098093199991,9.340490465999956
2024-01-27,12,5,MOBILE,1003,3,2.259799277668046,6.779397833004138
2024-01-27,12,5,MOBILE,1004,7,2.2033305357848567,15.423313750493996
2024-01-27,13,5,MOBILE,1004,8,2.337793915157941,18.702351321263528
2024-01-27,14,5,MOBILE,1003,4,1.8815074533334548,7.526029813333819
2024-01-27,14,5,MOBILE,1004,8,2.777200652142941,22.21760521714353
2024-01-27,16,5,MOBILE,1003,3,2.8949204865804035,8.68476145974121
2024-01-27,17,5,MOBILE,1002,2,3.3530932190921514,6.706186438184303
2024-01-27,17,5,MOBILE,1003,5,2.6246770069178402,13.123385034589202
2024-01-27,18,5,MOBILE,1002,2,4.262284982709192,8.524569965418385
2024-01-27,18,5,MOBILE,1003,2,1.6157634244204768,3.2315268488409536
2024-01-27,19,5,MOBILE,1002,7,3.265247757087073,22.85673429960951
2024-01-27,19,5,MOBILE,1003,3,2.879925230202444,8.639775690607332
2024-01-27,20,5,MOBILE,1002,5,3.2666142891428933,16.333071445714467
2024-01-27,20,5,MOBILE,1003,4,2.127651492973509,8.510605971894035
2024-01-27,21,5,MOBILE,1003,4,2.1462013306076995,8.584805322430798
2024-01-27,22,5,MOBILE,1002,1,4.431540175317229,4.431540175317229
2024-01-27,22,5,MOBILE,1003,8,2.22771344706001,17.82170757648008
2024-01-27,23,5,MOBILE,1002,2,2.976454622550902,5.952909245101804
2024-01-27,23,5,MOBILE,1003,4,2.1390314034395805,8.556125613758322
2024-01-28,11,6,MOBILE,1003,7,5.589425732218895,39.125980125532266
2024-01-28,11,6,MOBILE,1004,7,2.09006208082245,14.63043456575715
2024-01-28,12,6,MOBILE,1003,5,8.022004930819127,40.11002465409564
2024-01-28,12,6,MOBILE,1004,3,2.450675770446104,7.352027311338313
2024-01-28,13,6,MOBILE,1003,4,7.528464943982504,30.113859775930017
2024-01-28,13,6,MOBILE,1004,1,2.3722452708004416,2.3722452708004416
2024-01-28,14,6,MOBILE,1003,2,4.277235156658517,8.554470313317035
2024-01-28,14,6,MOBILE,1004,9,2.3171231959195717,20.854108763276145
2024-01-28,15,6,MOBILE,1003,6,7.36276254783161,44.17657528698966
2024-01-28,16,6,MOBILE,1003,7,7.563694755754327,52.945863290280286
2024-01-28,17,6,MOBILE,1003,5,7.0741388655713235,35.37069432785662
2024-01-28,18,6,MOBILE,1003,4,9.86561221750214,39.46244887000856
2024-01-28,19,6,MOBILE,1003,10,6.3019073475300775,63.01907347530077
2024-01-28,20,6,MOBILE,1003,9,6.431514163616988,57.883627472552895
2024-01-28,21,6,MOBILE,1003,10,8.048323597362556,80.48323597362555
2024-01-29,11,0,MOBILE,1004,3,2.7390913214579182,8.217273964373755
2024-01-29,12,0,MOBILE,1003,3,2.949936325360753,8.84980897608226
2024-01-29,12,0,MOBILE,1004,2,2.2951756836961907,4.5903513673923815
2024-01-29,13,0,MOBILE,1003,5,3.2152795978977906,16.076397989488953
2024-01-29,13,0,MOBILE,1004,3,1.7390684531526033,5.21720535945781
2024-01-29,14,0,MOBILE,1004,5,2.4347376489384174,12.173688244692087
2024-01-29,15,0,MOBILE,1003,1,1.0753602771754982,1.0753602771754982
2024-01-29,16,0,MOBILE,1003,2,1.5015114055712204,3.003022811142441
2024-01-29,17,0,MOBILE,1003,1,3.0607910817728876,3.0607910817728876
2024-01-29,18,0,MOBILE,1003,3,1.8748108480917918,5.6244325442753755
2024-01-29,19,0,MOBILE,1003,3,2.228176637832011,6.684529913496034
2024-01-29,21,0,MOBILE,1003,6,1.8375136481303365,11.025081888782019
2024-01-30,11,1,MOBILE,1003,4,3.183874558932264,12.735498235729056
2024-01-30,11,1,MOBILE,1004,2,1.730550656094251,3.461101312188502
2024-01-30,12,1,MOBILE,1003,1,3.1934784785409516,3.1934784785409516
2024-01-30,12,1,MOBILE,1004,1,2.7064531082526155,2.7064531082526155
2024-01-30,13,1,MOBILE,1004,8,2.7590412109581504,22.072329687665203
2024-01-30,14,1,MOBILE,1003,2,3.0959643260208614,6.191928652041723
2024-01-30,14,1,MOBILE,1004,2,1.2956799212785144,2.591359842557029
2024-01-30,16,1,MOBILE,1003,1,2.0253320711534872,2.0253320711534872
2024-01-30,17,1,MOBILE,1003,1,3.0130778923698296,3.0130778923698296
2024-01-30,18,1,MOBILE,1003,2,3.04319044720282,6.08638089440564
2024-01-30,19,1,MOBILE,1003,3,2.408255961382567,7.224767884147701
2024-01-30,20,1,MOBILE,1003,2,2.123056749538902,4.246113499077804
2024-01-30,21,1,MOBILE,1003,2,2.3365283754475437,4.673056750895087
2024-01-31,11,2,MOBILE,1003,5,2.4027590235286334,12.013795117643166
2024-01-31,11,2,MOBILE,1004,5,2.899776958128926,14.498884790644631
2024-01-31,12,2,MOBILE,1003,6,2.233139485673195,13.398836914039169
2024-01-31,12,2,MOBILE,1004,3,3.495211884076515,10.485635652229545
2024-01-31,13,2,MOBILE,1003,2,1.5998884506238005,3.199776901247601
2024-01-31,13,2,MOBILE,1004,6,2.131077887979137,12.786467327874824
2024-01-31,14,2,MOBILE,1003,3,2.4137343448962185,7.241203034688656
2024-01-31,14,2,MOBILE,1004,1,3.0855211514219643,3.0855211514219643
2024-01-31,16,2,MOBILE,1003,2,2.0526151452395274,4.105230290479055
2024-01-31,18,2,MOBILE,1003,6,2.7981396057351726,16.788837634411035
2024-01-31,19,2,MOBILE,1002,2,2.759711572867545,5.51942314573509
2024-01-31,20,2,MOBILE,1002,2,2.5665049049926143,5.133009809985229
2024-01-31,20,2,MOBILE,1003,6,2.334017229050776,14.004103374304655
2024-01-31,21,2,MOBILE,1002,3,3.06396746566127,9.19190239698381
2024-01-31,21,2,MOBILE,1003,4,2.2769858216518433,9.107943286607373
